arm,seed,epoch,module,module_type,num_experts,top_k,gini,entropy_nats,entropy_normalized,top1_share,dominant_expert,aux_loss,aux_loss_finite,mixture_aux_loss,epoch_seconds
baseline,0,2,model.5,DetailAwareLowRankHybridAdaptiveGateMoE,4,2,0.75,-0.0,-0.0,1.0,3,2.8997678756713867,True,3.0,1.0218
baseline,0,2,model.8,DetailAwareLowRankHybridAdaptiveGateMoE,8,2,0.7588862180709839,0.6906181573867798,0.33211713026992695,0.535544753074646,1,5.330615043640137,True,3.0,1.0218
baseline,0,2,model.11,DetailAwareLowRankHybridAdaptiveGateMoE,16,2,0.8800073862075806,0.6899343132972717,0.2488412030832766,0.5400587159377719,0,8.797529220581055,True,3.0,1.0218
baseline,0,3,model.5,DetailAwareLowRankHybridAdaptiveGateMoE,4,2,0.75,-0.0,-0.0,1.0,3,2.894383430480957,True,2.999999761581421,1.0254
baseline,0,3,model.8,DetailAwareLowRankHybridAdaptiveGateMoE,8,2,0.7589261531829834,0.6905955076217651,0.3321062380353723,0.5357041199295485,1,5.324593544006348,True,2.999999761581421,1.0254
baseline,0,3,model.11,DetailAwareLowRankHybridAdaptiveGateMoE,16,2,0.8794431686401367,0.6906181573867798,0.24908784770244521,0.5355446934700012,0,8.871559143066406,True,2.999999761581421,1.0254
baseline,0,4,model.5,DetailAwareLowRankHybridAdaptiveGateMoE,4,2,0.75,-0.0,-0.0,1.0,3,2.9303977489471436,True,3.0,1.0162
baseline,0,4,model.8,DetailAwareLowRankHybridAdaptiveGateMoE,8,2,0.7594214677810669,0.6903040409088135,0.33196607217491914,0.5376856762860514,1,5.341095447540283,True,3.0,1.0162
baseline,0,4,model.11,DetailAwareLowRankHybridAdaptiveGateMoE,16,2,0.8813655376434326,0.6879516839981079,0.2481261207188204,0.5509239435195923,0,8.867839813232422,True,3.0,1.0162
baseline,0,5,model.5,DetailAwareLowRankHybridAdaptiveGateMoE,4,2,0.75,-0.0,-0.0,1.0,3,2.9194071292877197,True,3.0,0.9854
baseline,0,5,model.8,DetailAwareLowRankHybridAdaptiveGateMoE,8,2,0.7604190111160278,0.6896694302558899,0.3316608889609631,0.5416757302976927,1,5.344770908355713,True,3.0,0.9854
baseline,0,5,model.11,DetailAwareLowRankHybridAdaptiveGateMoE,16,2,0.8800605535507202,0.6898656487464905,0.24881643758155234,0.5404843091964722,0,8.83035659790039,True,3.0,0.9854
baseline,0,6,model.5,DetailAwareLowRankHybridAdaptiveGateMoE,4,2,0.75,-0.0,-0.0,1.0,3,2.9157326221466064,True,3.0,1.003
baseline,0,6,model.8,DetailAwareLowRankHybridAdaptiveGateMoE,8,2,0.7609457969665527,0.6893082857131958,0.3314872151473668,0.5437832312648525,1,5.35420036315918,True,3.0,1.003
baseline,0,6,model.11,DetailAwareLowRankHybridAdaptiveGateMoE,16,2,0.8811120986938477,0.6883577704429626,0.24827258544386144,0.5488966270952411,0,8.853669166564941,True,3.0,1.003
baseline,0,7,model.5,DetailAwareLowRankHybridAdaptiveGateMoE,4,2,0.75,-0.0,-0.0,1.0,3,2.896804094314575,True,3.0,1.2106
baseline,0,7,model.8,DetailAwareLowRankHybridAdaptiveGateMoE,8,2,0.7610844373703003,0.6892104148864746,0.33144014922858067,0.5443372998036563,1,5.343865394592285,True,3.0,1.2106
baseline,0,7,model.11,DetailAwareLowRankHybridAdaptiveGateMoE,16,2,0.8814232349395752,0.6878567337989807,0.24809187467346733,0.5513863563537598,0,8.882068634033203,True,3.0,1.2106
baseline,0,8,model.5,DetailAwareLowRankHybridAdaptiveGateMoE,4,2,0.75,-0.0,-0.0,1.0,3,2.937276601791382,True,2.9154937267303467,1.2218
baseline,0,8,model.8,DetailAwareLowRankHybridAdaptiveGateMoE,8,2,0.7604186534881592,0.6896695494651794,0.3316609462885134,0.5416749119758606,1,5.346505641937256,True,2.9154937267303467,1.2218
baseline,0,8,model.11,DetailAwareLowRankHybridAdaptiveGateMoE,16,2,0.8819026947021484,0.6870359778404236,0.24779584953566972,0.5552211999893188,0,8.875411987304688,True,2.9154937267303467,1.2218
baseline,0,9,model.5,DetailAwareLowRankHybridAdaptiveGateMoE,4,2,0.75,-0.0,-0.0,1.0,3,2.9568612575531006,True,2.7115767002105713,1.1872
baseline,0,9,model.8,DetailAwareLowRankHybridAdaptiveGateMoE,8,2,0.7611939907073975,0.6891320943832397,0.3314024850280417,0.5447752747073605,1,5.38942289352417,True,2.7115767002105713,1.1872
baseline,0,9,model.11,DetailAwareLowRankHybridAdaptiveGateMoE,16,2,0.9375,-0.0,-0.0,1.0,0,8.820134162902832,True,2.7115767002105713,1.1872
baseline,0,10,model.5,DetailAwareLowRankHybridAdaptiveGateMoE,4,2,0.75,-0.0,-0.0,1.0,3,2.9583184719085693,True,2.5455901622772217,1.0491
baseline,0,10,model.8,DetailAwareLowRankHybridAdaptiveGateMoE,8,2,0.7611973285675049,0.6891297101974487,0.33140133847703596,0.5447889241702005,1,5.364543914794922,True,2.5455901622772217,1.0491
baseline,0,10,model.11,DetailAwareLowRankHybridAdaptiveGateMoE,16,2,0.8815264701843262,0.687684953212738,0.248029917923494,0.5522123575210571,0,8.880483627319336,True,2.5455901622772217,1.0491
baseline,0,11,model.5,DetailAwareLowRankHybridAdaptiveGateMoE,4,2,0.75,-0.0,-0.0,1.0,3,2.9679362773895264,True,2.4044625759124756,1.0501
baseline,0,11,model.8,DetailAwareLowRankHybridAdaptiveGateMoE,8,2,0.7626233100891113,0.6880393624305725,0.3308769920383304,0.5504931375531297,1,5.401336669921875,True,2.4044625759124756,1.0501
baseline,0,11,model.11,DetailAwareLowRankHybridAdaptiveGateMoE,16,2,0.8816695213317871,0.6874426603317261,0.24794252923902435,0.5533558130264282,0,8.869551658630371,True,2.4044625759124756,1.0501
intervention,0,2,model.5,DetailAwareLowRankHybridAdaptiveGateMoE,4,2,0.75,-0.0,-0.0,1.0,3,6.076992034912109,True,3.0,3.1546
intervention,0,2,model.8,DetailAwareLowRankHybridAdaptiveGateMoE,8,2,0.7588889598846436,0.6906166076660156,0.3321163850117732,0.5355557362900893,1,8.750555992126465,True,3.0,3.1546
intervention,0,2,model.11,DetailAwareLowRankHybridAdaptiveGateMoE,16,2,0.8799729347229004,0.6899784803390503,0.24885713297631276,0.5397830605506897,0,12.495221138000488,True,3.0,3.1546
intervention,0,3,model.5,DetailAwareLowRankHybridAdaptiveGateMoE,4,2,0.75,-0.0,-0.0,1.0,3,6.0597381591796875,True,3.0,1.618
intervention,0,3,model.8,DetailAwareLowRankHybridAdaptiveGateMoE,8,2,0.7589278221130371,0.6905944347381592,0.33210572208741973,0.5357110340681364,1,8.764777183532715,True,3.0,1.618
intervention,0,3,model.11,DetailAwareLowRankHybridAdaptiveGateMoE,16,2,0.8795068264007568,0.6905450820922852,0.24906149136120048,0.536054686786374,0,12.64096736907959,True,3.0,1.618
intervention,0,4,model.5,DetailAwareLowRankHybridAdaptiveGateMoE,4,2,0.75,-0.0,-0.0,1.0,3,6.129024028778076,True,3.0,1.0692
intervention,0,4,model.8,DetailAwareLowRankHybridAdaptiveGateMoE,8,2,0.759406566619873,0.6903130412101746,0.33197040040496584,0.537626401711297,1,8.813690185546875,True,3.0,1.0692
intervention,0,4,model.11,DetailAwareLowRankHybridAdaptiveGateMoE,16,2,0.881324291229248,0.6880188584327698,0.2481503487747607,0.550594286638328,0,12.709797859191895,True,3.0,1.0692
intervention,0,5,model.5,DetailAwareLowRankHybridAdaptiveGateMoE,4,2,0.75,-0.0,-0.0,1.0,3,6.113715171813965,True,3.0,1.0217
intervention,0,5,model.8,DetailAwareLowRankHybridAdaptiveGateMoE,8,2,0.7603880167007446,0.689690113067627,0.331670835290938,0.5415520071983337,1,8.823966979980469,True,3.0,1.0217
intervention,0,5,model.11,DetailAwareLowRankHybridAdaptiveGateMoE,16,2,0.9375,-0.0,-0.0,1.0,0,12.639464378356934,True,3.0,1.0217
intervention,0,6,model.5,DetailAwareLowRankHybridAdaptiveGateMoE,4,2,0.75,-0.0,-0.0,1.0,3,6.113009452819824,True,3.0,1.0673
intervention,0,6,model.8,DetailAwareLowRankHybridAdaptiveGateMoE,8,2,0.7609615325927734,0.6892973184585571,0.3314819410127403,0.5438458757446445,1,8.868450164794922,True,3.0,1.0673
intervention,0,6,model.11,DetailAwareLowRankHybridAdaptiveGateMoE,16,2,0.8808417320251465,0.6887727975845337,0.24842227484360616,0.5467334389686584,0,12.675552368164062,True,3.0,1.0673
intervention,0,7,model.5,DetailAwareLowRankHybridAdaptiveGateMoE,4,2,0.75,-0.0,-0.0,1.0,3,6.089739799499512,True,3.0,1.0161
intervention,0,7,model.8,DetailAwareLowRankHybridAdaptiveGateMoE,8,2,0.761075496673584,0.6892167329788208,0.3314431875887459,0.5443017482757568,1,8.86662483215332,True,3.0,1.0161
intervention,0,7,model.11,DetailAwareLowRankHybridAdaptiveGateMoE,16,2,0.8813991546630859,0.6878962516784668,0.2481061277356576,0.551194386219811,0,12.800589561462402,True,3.0,1.0161
intervention,0,8,model.5,DetailAwareLowRankHybridAdaptiveGateMoE,4,2,0.75,-0.0,-0.0,1.0,3,6.16387414932251,True,3.0,1.037
intervention,0,8,model.8,DetailAwareLowRankHybridAdaptiveGateMoE,8,2,0.7604455947875977,0.689651608467102,0.33165231849219506,0.5417822437947319,1,8.886069297790527,True,3.0,1.037
intervention,0,8,model.11,DetailAwareLowRankHybridAdaptiveGateMoE,16,2,0.8819169998168945,0.6870104670524597,0.24778664846384857,0.5553359819848542,0,12.767867088317871,True,3.0,1.037
intervention,0,9,model.5,DetailAwareLowRankHybridAdaptiveGateMoE,4,2,0.75,-0.0,-0.0,1.0,3,6.175137996673584,True,2.835686206817627,0.9998
intervention,0,9,model.8,DetailAwareLowRankHybridAdaptiveGateMoE,8,2,0.7610892057418823,0.6892069578170776,0.33143848672962234,0.5443566875351462,1,8.925658226013184,True,2.835686206817627,0.9998
intervention,0,9,model.11,DetailAwareLowRankHybridAdaptiveGateMoE,16,2,0.9375,-0.0,-0.0,1.0,0,12.689867973327637,True,2.835686206817627,0.9998
intervention,0,10,model.5,DetailAwareLowRankHybridAdaptiveGateMoE,4,2,0.75,-0.0,-0.0,1.0,3,6.189039707183838,True,2.655616283416748,1.0536
intervention,0,10,model.8,DetailAwareLowRankHybridAdaptiveGateMoE,8,2,0.761244535446167,0.689095675945282,0.33138497146142887,0.5449778437614441,1,8.932476043701172,True,2.655616283416748,1.0536
intervention,0,10,model.11,DetailAwareLowRankHybridAdaptiveGateMoE,16,2,0.881179928779602,0.6882506608963013,0.24823395384091138,0.5494393110275269,0,12.800291061401367,True,2.655616283416748,1.0536
intervention,0,11,model.5,DetailAwareLowRankHybridAdaptiveGateMoE,4,2,0.75,-0.0,-0.0,1.0,3,6.22121000289917,True,2.4956984519958496,1.076
intervention,0,11,model.8,DetailAwareLowRankHybridAdaptiveGateMoE,8,2,0.7621414661407471,0.688422441482544,0.3310612141211796,0.5485658213068789,1,8.972396850585938,True,2.4956984519958496,1.076
intervention,0,11,model.11,DetailAwareLowRankHybridAdaptiveGateMoE,16,2,0.8813591003417969,0.6879623532295227,0.24812996883063346,0.5508717134335126,0,12.766310691833496,True,2.4956984519958496,1.076
baseline,1,2,model.5,DetailAwareLowRankHybridAdaptiveGateMoE,4,2,0.75,-0.0,-0.0,1.0,2,2.839844226837158,True,3.0,1.0448
baseline,1,2,model.8,DetailAwareLowRankHybridAdaptiveGateMoE,8,2,0.875,-0.0,-0.0,1.0,6,5.707472801208496,True,3.0,1.0448
baseline,1,2,model.11,DetailAwareLowRankHybridAdaptiveGateMoE,16,2,0.9375,-0.0,-0.0,1.0,2,9.163278579711914,True,3.0,1.0448
baseline,1,3,model.5,DetailAwareLowRankHybridAdaptiveGateMoE,4,2,0.75,-0.0,-0.0,1.0,2,2.8493762016296387,True,3.0,0.9793
baseline,1,3,model.8,DetailAwareLowRankHybridAdaptiveGateMoE,8,2,0.875,-0.0,-0.0,1.0,6,5.687748432159424,True,3.0,0.9793
baseline,1,3,model.11,DetailAwareLowRankHybridAdaptiveGateMoE,16,2,0.9375,-0.0,-0.0,1.0,2,9.17152214050293,True,3.0,0.9793
baseline,1,4,model.5,DetailAwareLowRankHybridAdaptiveGateMoE,4,2,0.75,-0.0,-0.0,1.0,2,2.8305795192718506,True,3.0,1.046
baseline,1,4,model.8,DetailAwareLowRankHybridAdaptiveGateMoE,8,2,0.875,-0.0,-0.0,1.0,6,5.686092376708984,True,3.0,1.046
baseline,1,4,model.11,DetailAwareLowRankHybridAdaptiveGateMoE,16,2,0.9375,-0.0,-0.0,1.0,2,9.179400444030762,True,3.0,1.046
baseline,1,5,model.5,DetailAwareLowRankHybridAdaptiveGateMoE,4,2,0.75,-0.0,-0.0,1.0,2,2.8424315452575684,True,3.0,1.0253
baseline,1,5,model.8,DetailAwareLowRankHybridAdaptiveGateMoE,8,2,0.875,-0.0,-0.0,1.0,6,5.692387580871582,True,3.0,1.0253
baseline,1,5,model.11,DetailAwareLowRankHybridAdaptiveGateMoE,16,2,0.9375,-0.0,-0.0,1.0,2,9.17578411102295,True,3.0,1.0253
baseline,1,6,model.5,DetailAwareLowRankHybridAdaptiveGateMoE,4,2,0.75,-0.0,-0.0,1.0,2,2.860138416290283,True,3.0,1.0532
baseline,1,6,model.8,DetailAwareLowRankHybridAdaptiveGateMoE,8,2,0.875,-0.0,-0.0,1.0,6,5.717125415802002,True,3.0,1.0532
baseline,1,6,model.11,DetailAwareLowRankHybridAdaptiveGateMoE,16,2,0.9375,-0.0,-0.0,1.0,2,9.192237854003906,True,3.0,1.0532
baseline,1,7,model.5,DetailAwareLowRankHybridAdaptiveGateMoE,4,2,0.75,-0.0,-0.0,1.0,2,2.8596341609954834,True,3.0,1.0193
baseline,1,7,model.8,DetailAwareLowRankHybridAdaptiveGateMoE,8,2,0.875,-0.0,-0.0,1.0,6,5.697054862976074,True,3.0,1.0193
baseline,1,7,model.11,DetailAwareLowRankHybridAdaptiveGateMoE,16,2,0.9375,-0.0,-0.0,1.0,2,9.207120895385742,True,3.0,1.0193
baseline,1,8,model.5,DetailAwareLowRankHybridAdaptiveGateMoE,4,2,0.75,-0.0,-0.0,1.0,2,2.8479650020599365,True,2.923696517944336,1.0429
baseline,1,8,model.8,DetailAwareLowRankHybridAdaptiveGateMoE,8,2,0.875,-0.0,-0.0,1.0,6,5.7254509925842285,True,2.923696517944336,1.0429
baseline,1,8,model.11,DetailAwareLowRankHybridAdaptiveGateMoE,16,2,0.9375,-0.0,-0.0,1.0,2,9.18599796295166,True,2.923696517944336,1.0429
baseline,1,9,model.5,DetailAwareLowRankHybridAdaptiveGateMoE,4,2,0.75,-0.0,-0.0,1.0,2,2.8482272624969482,True,2.724827289581299,1.0675
baseline,1,9,model.8,DetailAwareLowRankHybridAdaptiveGateMoE,8,2,0.875,-0.0,-0.0,1.0,6,5.710358142852783,True,2.724827289581299,1.0675
baseline,1,9,model.11,DetailAwareLowRankHybridAdaptiveGateMoE,16,2,0.9375,-0.0,-0.0,1.0,2,9.251729011535645,True,2.724827289581299,1.0675
baseline,1,10,model.5,DetailAwareLowRankHybridAdaptiveGateMoE,4,2,0.75,-0.0,-0.0,1.0,2,2.855299949645996,True,2.5570785999298096,1.0753
baseline,1,10,model.8,DetailAwareLowRankHybridAdaptiveGateMoE,8,2,0.875,-0.0,-0.0,1.0,6,5.737485408782959,True,2.5570785999298096,1.0753
baseline,1,10,model.11,DetailAwareLowRankHybridAdaptiveGateMoE,16,2,0.9375,-0.0,-0.0,1.0,2,9.259390830993652,True,2.5570785999298096,1.0753
baseline,1,11,model.5,DetailAwareLowRankHybridAdaptiveGateMoE,4,2,0.75,-0.0,-0.0,1.0,2,2.842214822769165,True,2.4085726737976074,1.0858
baseline,1,11,model.8,DetailAwareLowRankHybridAdaptiveGateMoE,8,2,0.875,-0.0,-0.0,1.0,6,5.732303619384766,True,2.4085726737976074,1.0858
baseline,1,11,model.11,DetailAwareLowRankHybridAdaptiveGateMoE,16,2,0.9375,-0.0,-0.0,1.0,2,9.271012306213379,True,2.4085726737976074,1.0858
intervention,1,2,model.5,DetailAwareLowRankHybridAdaptiveGateMoE,4,2,0.75,-0.0,-0.0,1.0,2,5.941128730773926,True,3.0,2.9912
intervention,1,2,model.8,DetailAwareLowRankHybridAdaptiveGateMoE,8,2,0.875,-0.0,-0.0,1.0,6,9.130533218383789,True,3.0,2.9912
intervention,1,2,model.11,DetailAwareLowRankHybridAdaptiveGateMoE,16,2,0.9375,-0.0,-0.0,1.0,2,13.247347831726074,True,3.0,2.9912
intervention,1,3,model.5,DetailAwareLowRankHybridAdaptiveGateMoE,4,2,0.75,-0.0,-0.0,1.0,2,5.9781975746154785,True,2.999999761581421,3.0305
intervention,1,3,model.8,DetailAwareLowRankHybridAdaptiveGateMoE,8,2,0.875,-0.0,-0.0,1.0,6,9.102834701538086,True,2.999999761581421,3.0305
intervention,1,3,model.11,DetailAwareLowRankHybridAdaptiveGateMoE,16,2,0.9375,-0.0,-0.0,1.0,2,13.29334831237793,True,2.999999761581421,3.0305
intervention,1,4,model.5,DetailAwareLowRankHybridAdaptiveGateMoE,4,2,0.75,-0.0,-0.0,1.0,2,5.950628280639648,True,3.0,3.1568
intervention,1,4,model.8,DetailAwareLowRankHybridAdaptiveGateMoE,8,2,0.875,-0.0,-0.0,1.0,6,9.132094383239746,True,3.0,3.1568
intervention,1,4,model.11,DetailAwareLowRankHybridAdaptiveGateMoE,16,2,0.9375,-0.0,-0.0,1.0,2,13.342424392700195,True,3.0,3.1568
intervention,1,5,model.5,DetailAwareLowRankHybridAdaptiveGateMoE,4,2,0.75,-0.0,-0.0,1.0,2,5.9438581466674805,True,3.0,3.0434
intervention,1,5,model.8,DetailAwareLowRankHybridAdaptiveGateMoE,8,2,0.875,-0.0,-0.0,1.0,6,9.161667823791504,True,3.0,3.0434
intervention,1,5,model.11,DetailAwareLowRankHybridAdaptiveGateMoE,16,2,0.9375,-0.0,-0.0,1.0,2,13.339396476745605,True,3.0,3.0434
intervention,1,6,model.5,DetailAwareLowRankHybridAdaptiveGateMoE,4,2,0.75,-0.0,-0.0,1.0,2,5.972631931304932,True,3.0,3.102
intervention,1,6,model.8,DetailAwareLowRankHybridAdaptiveGateMoE,8,2,0.875,-0.0,-0.0,1.0,6,9.183955192565918,True,3.0,3.102
intervention,1,6,model.11,DetailAwareLowRankHybridAdaptiveGateMoE,16,2,0.9375,-0.0,-0.0,1.0,2,13.325980186462402,True,3.0,3.102
intervention,1,7,model.5,DetailAwareLowRankHybridAdaptiveGateMoE,4,2,0.75,-0.0,-0.0,1.0,2,5.955322742462158,True,3.0,3.0698
intervention,1,7,model.8,DetailAwareLowRankHybridAdaptiveGateMoE,8,2,0.875,-0.0,-0.0,1.0,6,9.189013481140137,True,3.0,3.0698
intervention,1,7,model.11,DetailAwareLowRankHybridAdaptiveGateMoE,16,2,0.9375,-0.0,-0.0,1.0,2,13.483437538146973,True,3.0,3.0698
intervention,1,8,model.5,DetailAwareLowRankHybridAdaptiveGateMoE,4,2,0.75,-0.0,-0.0,1.0,2,5.96910285949707,True,3.0,3.0143
intervention,1,8,model.8,DetailAwareLowRankHybridAdaptiveGateMoE,8,2,0.875,-0.0,-0.0,1.0,6,9.23188304901123,True,3.0,3.0143
intervention,1,8,model.11,DetailAwareLowRankHybridAdaptiveGateMoE,16,2,0.9375,-0.0,-0.0,1.0,2,13.418255805969238,True,3.0,3.0143
intervention,1,9,model.5,DetailAwareLowRankHybridAdaptiveGateMoE,4,2,0.75,-0.0,-0.0,1.0,2,5.968052864074707,True,2.8473854064941406,3.0122
intervention,1,9,model.8,DetailAwareLowRankHybridAdaptiveGateMoE,8,2,0.875,-0.0,-0.0,1.0,6,9.209776878356934,True,2.8473854064941406,3.0122
intervention,1,9,model.11,DetailAwareLowRankHybridAdaptiveGateMoE,16,2,0.9375,-0.0,-0.0,1.0,2,13.531427383422852,True,2.8473854064941406,3.0122
intervention,1,10,model.5,DetailAwareLowRankHybridAdaptiveGateMoE,4,2,0.75,-0.0,-0.0,1.0,2,5.990997314453125,True,2.6602180004119873,3.5403
intervention,1,10,model.8,DetailAwareLowRankHybridAdaptiveGateMoE,8,2,0.875,-0.0,-0.0,1.0,6,9.25216007232666,True,2.6602180004119873,3.5403
intervention,1,10,model.11,DetailAwareLowRankHybridAdaptiveGateMoE,16,2,0.9375,-0.0,-0.0,1.0,2,13.539450645446777,True,2.6602180004119873,3.5403
intervention,1,11,model.5,DetailAwareLowRankHybridAdaptiveGateMoE,4,2,0.75,-0.0,-0.0,1.0,2,5.9597249031066895,True,2.5110270977020264,3.0167
intervention,1,11,model.8,DetailAwareLowRankHybridAdaptiveGateMoE,8,2,0.875,-0.0,-0.0,1.0,6,9.309377670288086,True,2.5110270977020264,3.0167
intervention,1,11,model.11,DetailAwareLowRankHybridAdaptiveGateMoE,16,2,0.9375,-0.0,-0.0,1.0,2,13.686375617980957,True,2.5110270977020264,3.0167
baseline,2,2,model.5,DetailAwareLowRankHybridAdaptiveGateMoE,4,2,0.75,-0.0,-0.0,1.0,0,2.9953765869140625,True,3.0,3.5957
baseline,2,2,model.8,DetailAwareLowRankHybridAdaptiveGateMoE,8,2,0.875,-0.0,-0.0,1.0,6,5.174479007720947,True,3.0,3.5957
baseline,2,2,model.11,DetailAwareLowRankHybridAdaptiveGateMoE,16,2,0.9375,-0.0,-0.0,1.0,15,9.015982627868652,True,3.0,3.5957
baseline,2,3,model.5,DetailAwareLowRankHybridAdaptiveGateMoE,4,2,0.75,-0.0,-0.0,1.0,0,2.9233875274658203,True,3.0,1.4619
baseline,2,3,model.8,DetailAwareLowRankHybridAdaptiveGateMoE,8,2,0.875,-0.0,-0.0,1.0,6,5.198546409606934,True,3.0,1.4619
baseline,2,3,model.11,DetailAwareLowRankHybridAdaptiveGateMoE,16,2,0.9375,-0.0,-0.0,1.0,8,8.99518871307373,True,3.0,1.4619
baseline,2,4,model.5,DetailAwareLowRankHybridAdaptiveGateMoE,4,2,0.75,-0.0,-0.0,1.0,0,2.9556961059570312,True,3.0,1.3822
baseline,2,4,model.8,DetailAwareLowRankHybridAdaptiveGateMoE,8,2,0.875,-0.0,-0.0,1.0,6,5.207458019256592,True,3.0,1.3822
baseline,2,4,model.11,DetailAwareLowRankHybridAdaptiveGateMoE,16,2,0.9375,-0.0,-0.0,1.0,15,8.982522964477539,True,3.0,1.3822
baseline,2,5,model.5,DetailAwareLowRankHybridAdaptiveGateMoE,4,2,0.75,-0.0,-0.0,1.0,0,2.9331836700439453,True,3.0,1.0859
baseline,2,5,model.8,DetailAwareLowRankHybridAdaptiveGateMoE,8,2,0.875,-0.0,-0.0,1.0,6,5.225174427032471,True,3.0,1.0859
baseline,2,5,model.11,DetailAwareLowRankHybridAdaptiveGateMoE,16,2,0.9375,-0.0,-0.0,1.0,8,9.029419898986816,True,3.0,1.0859
baseline,2,6,model.5,DetailAwareLowRankHybridAdaptiveGateMoE,4,2,0.75,-0.0,-0.0,1.0,0,2.9746198654174805,True,3.0,1.1336
baseline,2,6,model.8,DetailAwareLowRankHybridAdaptiveGateMoE,8,2,0.875,-0.0,-0.0,1.0,6,5.196352481842041,True,3.0,1.1336
baseline,2,6,model.11,DetailAwareLowRankHybridAdaptiveGateMoE,16,2,0.9375,-0.0,-0.0,1.0,15,8.999435424804688,True,3.0,1.1336
baseline,2,7,model.5,DetailAwareLowRankHybridAdaptiveGateMoE,4,2,0.75,-0.0,-0.0,1.0,0,2.9692139625549316,True,3.0,1.0533
baseline,2,7,model.8,DetailAwareLowRankHybridAdaptiveGateMoE,8,2,0.875,-0.0,-0.0,1.0,6,5.195399761199951,True,3.0,1.0533
baseline,2,7,model.11,DetailAwareLowRankHybridAdaptiveGateMoE,16,2,0.9375,-0.0,-0.0,1.0,15,9.043067932128906,True,3.0,1.0533
baseline,2,8,model.5,DetailAwareLowRankHybridAdaptiveGateMoE,4,2,0.75,-0.0,-0.0,1.0,0,2.969879627227783,True,2.908520221710205,1.0546
baseline,2,8,model.8,DetailAwareLowRankHybridAdaptiveGateMoE,8,2,0.875,-0.0,-0.0,1.0,6,5.208987236022949,True,2.908520221710205,1.0546
baseline,2,8,model.11,DetailAwareLowRankHybridAdaptiveGateMoE,16,2,0.9375,-0.0,-0.0,1.0,8,9.001441955566406,True,2.908520221710205,1.0546
baseline,2,9,model.5,DetailAwareLowRankHybridAdaptiveGateMoE,4,2,0.75,-0.0,-0.0,1.0,0,2.993164539337158,True,2.716952085494995,1.05
baseline,2,9,model.8,DetailAwareLowRankHybridAdaptiveGateMoE,8,2,0.875,-0.0,-0.0,1.0,6,5.194788455963135,True,2.716952085494995,1.05
baseline,2,9,model.11,DetailAwareLowRankHybridAdaptiveGateMoE,16,2,0.9375,-0.0,-0.0,1.0,8,9.07363510131836,True,2.716952085494995,1.05
baseline,2,10,model.5,DetailAwareLowRankHybridAdaptiveGateMoE,4,2,0.75,-0.0,-0.0,1.0,0,3.0136542320251465,True,2.5516600608825684,1.0915
baseline,2,10,model.8,DetailAwareLowRankHybridAdaptiveGateMoE,8,2,0.875,-0.0,-0.0,1.0,5,5.2047858238220215,True,2.5516600608825684,1.0915
baseline,2,10,model.11,DetailAwareLowRankHybridAdaptiveGateMoE,16,2,0.9375,-0.0,-0.0,1.0,15,9.089773178100586,True,2.5516600608825684,1.0915
baseline,2,11,model.5,DetailAwareLowRankHybridAdaptiveGateMoE,4,2,0.75,-0.0,-0.0,1.0,0,2.9512665271759033,True,2.3918843269348145,1.1176
baseline,2,11,model.8,DetailAwareLowRankHybridAdaptiveGateMoE,8,2,0.875,-0.0,-0.0,1.0,6,5.215442657470703,True,2.3918843269348145,1.1176
baseline,2,11,model.11,DetailAwareLowRankHybridAdaptiveGateMoE,16,2,0.9375,-0.0,-0.0,1.0,15,9.044391632080078,True,2.3918843269348145,1.1176
intervention,2,2,model.5,DetailAwareLowRankHybridAdaptiveGateMoE,4,2,0.75,-0.0,-0.0,1.0,0,6.217178821563721,True,3.0,3.0888
intervention,2,2,model.8,DetailAwareLowRankHybridAdaptiveGateMoE,8,2,0.875,-0.0,-0.0,1.0,6,8.326048851013184,True,3.0,3.0888
intervention,2,2,model.11,DetailAwareLowRankHybridAdaptiveGateMoE,16,2,0.9375,-0.0,-0.0,1.0,15,12.77956771850586,True,3.0,3.0888
intervention,2,3,model.5,DetailAwareLowRankHybridAdaptiveGateMoE,4,2,0.75,-0.0,-0.0,1.0,0,6.180717468261719,True,2.999999761581421,3.1688
intervention,2,3,model.8,DetailAwareLowRankHybridAdaptiveGateMoE,8,2,0.875,-0.0,-0.0,1.0,6,8.357638359069824,True,2.999999761581421,3.1688
intervention,2,3,model.11,DetailAwareLowRankHybridAdaptiveGateMoE,16,2,0.9375,-0.0,-0.0,1.0,8,12.692770957946777,True,2.999999761581421,3.1688
intervention,2,4,model.5,DetailAwareLowRankHybridAdaptiveGateMoE,4,2,0.75,-0.0,-0.0,1.0,0,6.216924667358398,True,3.0,3.1974
intervention,2,4,model.8,DetailAwareLowRankHybridAdaptiveGateMoE,8,2,0.875,-0.0,-0.0,1.0,6,8.371748924255371,True,3.0,3.1974
intervention,2,4,model.11,DetailAwareLowRankHybridAdaptiveGateMoE,16,2,0.9375,-0.0,-0.0,1.0,15,12.688345909118652,True,3.0,3.1974
intervention,2,5,model.5,DetailAwareLowRankHybridAdaptiveGateMoE,4,2,0.75,-0.0,-0.0,1.0,0,6.208179950714111,True,3.0,2.895
intervention,2,5,model.8,DetailAwareLowRankHybridAdaptiveGateMoE,8,2,0.875,-0.0,-0.0,1.0,6,8.390617370605469,True,3.0,2.895
intervention,2,5,model.11,DetailAwareLowRankHybridAdaptiveGateMoE,16,2,0.9375,-0.0,-0.0,1.0,8,12.812217712402344,True,3.0,2.895
intervention,2,6,model.5,DetailAwareLowRankHybridAdaptiveGateMoE,4,2,0.75,-0.0,-0.0,1.0,0,6.231390953063965,True,3.0,1.4809
intervention,2,6,model.8,DetailAwareLowRankHybridAdaptiveGateMoE,8,2,0.875,-0.0,-0.0,1.0,6,8.356706619262695,True,3.0,1.4809
intervention,2,6,model.11,DetailAwareLowRankHybridAdaptiveGateMoE,16,2,0.9375,-0.0,-0.0,1.0,15,12.723504066467285,True,3.0,1.4809
intervention,2,7,model.5,DetailAwareLowRankHybridAdaptiveGateMoE,4,2,0.75,-0.0,-0.0,1.0,0,6.236110687255859,True,3.0,3.4238
intervention,2,7,model.8,DetailAwareLowRankHybridAdaptiveGateMoE,8,2,0.875,-0.0,-0.0,1.0,6,8.37485122680664,True,3.0,3.4238
intervention,2,7,model.11,DetailAwareLowRankHybridAdaptiveGateMoE,16,2,0.9375,-0.0,-0.0,1.0,15,12.871260643005371,True,3.0,3.4238
intervention,2,8,model.5,DetailAwareLowRankHybridAdaptiveGateMoE,4,2,0.75,-0.0,-0.0,1.0,0,6.242776870727539,True,3.0,3.3688
intervention,2,8,model.8,DetailAwareLowRankHybridAdaptiveGateMoE,8,2,0.875,-0.0,-0.0,1.0,6,8.385275840759277,True,3.0,3.3688
intervention,2,8,model.11,DetailAwareLowRankHybridAdaptiveGateMoE,16,2,0.9375,-0.0,-0.0,1.0,8,12.80300235748291,True,3.0,3.3688
intervention,2,9,model.5,DetailAwareLowRankHybridAdaptiveGateMoE,4,2,0.75,-0.0,-0.0,1.0,0,6.292259216308594,True,2.8294765949249268,3.1933
intervention,2,9,model.8,DetailAwareLowRankHybridAdaptiveGateMoE,8,2,0.875,-0.0,-0.0,1.0,6,8.360849380493164,True,2.8294765949249268,3.1933
intervention,2,9,model.11,DetailAwareLowRankHybridAdaptiveGateMoE,16,2,0.9375,-0.0,-0.0,1.0,15,12.883049964904785,True,2.8294765949249268,3.1933
intervention,2,10,model.5,DetailAwareLowRankHybridAdaptiveGateMoE,4,2,0.75,-0.0,-0.0,1.0,0,6.2910661697387695,True,2.6552364826202393,3.1592
intervention,2,10,model.8,DetailAwareLowRankHybridAdaptiveGateMoE,8,2,0.875,-0.0,-0.0,1.0,5,8.370620727539062,True,2.6552364826202393,3.1592
intervention,2,10,model.11,DetailAwareLowRankHybridAdaptiveGateMoE,16,2,0.9375,-0.0,-0.0,1.0,15,13.057766914367676,True,2.6552364826202393,3.1592
intervention,2,11,model.5,DetailAwareLowRankHybridAdaptiveGateMoE,4,2,0.75,-0.0,-0.0,1.0,0,6.271119117736816,True,2.4827017784118652,2.6521
intervention,2,11,model.8,DetailAwareLowRankHybridAdaptiveGateMoE,8,2,0.875,-0.0,-0.0,1.0,6,8.430035591125488,True,2.4827017784118652,2.6521
intervention,2,11,model.11,DetailAwareLowRankHybridAdaptiveGateMoE,16,2,0.9375,-0.0,-0.0,1.0,15,12.904369354248047,True,2.4827017784118652,2.6521
